{"cameraMode":{"drawMode":0,"name":"Shaded","section":"Shading Mode"},"sceneLighting":true,"audioPlay":false,"sceneViewState":{"showFog":true,"showMaterialUpdate":false,"showSkybox":true,"showFlares":true,"showImageEffects":true,"showParticleSystems":true,"showVisualEffectGraphs":true},"in2DMode":false,"pivot":{"x":2.8187618255615236,"y":-21.314769744873048,"z":-15.758831024169922},"rotation":{"x":-0.13540787994861604,"y":-0.8553441166877747,"z":0.4150896966457367,"w":-0.27903252840042117},"size":25.426862716674806,"orthographic":false}