{"cameraMode":{"drawMode":0,"name":"Shaded","section":"Shading Mode"},"sceneLighting":true,"audioPlay":false,"sceneViewState":{"showFog":true,"showMaterialUpdate":false,"showSkybox":true,"showFlares":true,"showImageEffects":true,"showParticleSystems":true,"showVisualEffectGraphs":true,"m_FxEnabled":false},"in2DMode":false,"pivot":{"x":-12.600321769714356,"y":-29.109710693359376,"z":-7.3130950927734379},"rotation":{"x":-0.010024327784776688,"y":-0.8033366799354553,"z":0.5953877568244934,"w":-0.013524508103728295},"size":27.642148971557618,"orthographic":false}